Workbook

Sheet Raw DNA
A1: Sample ID | B1: Date extracted | C1: Extractor | D1: Volume (uL) | E1: Nanodrop Concen (ng/uL) | F1: Nano 260/280 | G1: Nano 260/230 | H1: Picogreen Concen (ng/uL) | I1: Total DNA (ug)
A2: M4 + 1907 A1 nano 5.11 | B2: 45485 | C2: DA | D2: 14 | E2: 1350.3 | F2: 1.95 | G2: 2.2 | H2: 173.69 | I2: =(D2*H2)/1000
A3: M4 + 1907 A2 nano 5.11 | B3: 45467 | C3: KJ | D3: 16 | E3: 1902.1 | F3: 1.83 | G3: 1.76 | H3: 117.3 | I3: =(D3*H3)/1000 | N3: no bio rep information
A4: M4 + 1907 B1 nano 5.11 | B4: 45485 | C4: DA | D4: 14 | E4: 1067 | F4: 1.98 | G4: 2.29 | H4: 211.72 | I4: =(D4*H4)/1000 | N4: Need to nanodrop
A5: M4 + 1907 B2 nano 5.11 | B5: 45467 | C5: KJ | D5: 16 | E5: 1707.2 | F5: 1.95 | G5: 2.11 | H5: 99 | I5: =(D5*H5)/1000 | N5: need or need to redo picogreen values
A6: M4 + 1907 C1 nano 5.11 | B6: 45485 | C6: DA | D6: 14 | E6: 1335.4 | F6: 1.96 | G6: 2.24 | H6: 212.67 | I6: =(D6*H6)/1000
A7: M4 + 1907 C2 nano 5.11 | B7: 45468 | C7: KJ | D7: 16 | E7: 1635.4 | F7: 1.88 | G7: 1.9 | H7: 70.9 | I7: =(D7*H7)/1000
A8: M4 + 1940 A1 nano 5.11 | B8: 45485 | C8: DA | D8: 14 | E8: 840.2 | F8: 1.97 | G8: 2.29 | H8: 197.03 | I8: =(D8*H8)/1000
A9: M4 + 1940 A2 nano 5.11 | B9: 45468 | C9: KJ | D9: 13 | E9: 1359.3 | F9: 1.85 | G9: 1.78 | H9: 108.99958 | I9: =(D9*H9)/1000
A10: M4 + 1940 B2 nano 5.11 | B10: 45467 | C10: KJ | D10: 14 | E10: 1611.6 | F10: 1.86 | G10: 1.81 | H10: 58.894464 | I10: =(D10*H10)/1000
A11: M4 + 1940 C1 nano 5.11 | B11: 45468 | C11: KJ | D11: 14 | E11: 1354.5 | F11: 1.84 | G11: 1.8 | H11: 105.81808 | I11: =(D11*H11)/1000
A12: M4 + 1940 C2 nano 5.11 | B12: 45468 | C12: KJ | D12: 14 | E12: 1311.4 | F12: 1.89 | G12: 1.95 | H12: 85.050035 | I12: =(D12*H12)/1000
A13: M4 + 1940 nano 5.11 | B13: 45468 | C13: KJ | D13: 16 | E13: 1444.5 | F13: 1.9 | G13: 1.91 | H13: 53.1 | I13: =(D13*H13)/1000
A14: M4 + 1943 A2 nano 5.11 | B14: 45468 | C14: KJ | D14: 16 | E14: 1486.9 | F14: 1.86 | G14: 1.78 | H14: 73.6 | I14: =(D14*H14)/1000
A15: M4 + 1943 B1 nano 5.11 | B15: 45485 | C15: DA | D15: 12 | E15: 1694.7 | F15: 1.96 | G15: 2.21 | H15: 136.01 | I15: =(D15*H15)/1000
A16: M4 + 1943 B2 nano 5.11 | B16: 45464 | C16: DA | D16: 16 | E16: 1236 | F16: 1.92 | G16: 2.1 | H16: 61.6 | I16: =(D16*H16)/1000
A17: M4 + 1943 C1 nano 5.11 | B17: 45464 | C17: DA | D17: 16 | E17: 850 | F17: 1.8 | G17: 1.77 | H17: 68.5 | I17: =(D17*H17)/1000
... A45: M4xe C nano 5.10 | B45: 45489 | C45: AR | D45: 14 | E45: 589.3 | F45: 1.95 | G45: 2.01 | H45: 168.0651 | I45: =(D45*H45)/1000
A46: M4xe nano 5.10 | B46: 45489 | C46: AR | D46: 16 | H46: 95.962439 | I46: =(D46*H46)/1000
A47: N2 + A1A A1 nano 5.10 | B47: 45489 | C47: AR | D47: 12 | E47: 1051 | F47: 1.97 | G47: 2.06 | H47: 80.273581 | I47: =(D47*H47)/1000
A48: N2 + A1A A2 nano 5.10 | B48: 45489 | C48: AR | D48: 12 | E48: 1316.2 | F48: 1.94 | G48: 1.95 | H48: 13.03602 | I48: =(D48*H48)/1000
A49: N2 + A1A B1 nano | B49: 45489 | C49: AR | D49: 16 | H49: 32.61836 | I49: =(D49*H49)/1000
A50: N2 + A1A B3 nano 5.10 | B50: 45489 | C50: AR | D50: 12 | E50: 536.7 | F50: 1.81 | G50: 1.78 | H50: 41.341556 | I50: =(D50*H50)/1000
A51: N2 + A1A C1 nano 5.10 | B51: 45489 | C51: AR | D51: 12 | E51: 949.4 | F51: 1.92 | G51: 1.93 | H51: 3.6569026 | I51: =(D51*H51)/1000
A52: N2 + A1A C2 nano 5.10 | B52: 45489 | C52: AR | D52: 12 | E52: 805.7 | F52: 1.92 | G52: 2.06 | H52: 79.30932 | I52: =(D52*H52)/1000
A53: N2ax A nano 5.10 | B53: 45489 | C53: AR | D53: 12 | E53: 114.6 | F53: 1.93 | G53: 2.01 | H53: 61.705957 | I53: =(D53*H53)/1000
A54: N2ax B nano 5.10 | B54: 45489 | C54: AR | D54: 12 | E54: 1280.8 | F54: 1.9 | G54: 1.91 | H54: 47.679327 | I54: =(D54*H54)/1000
A55: N2ax B2 nano 5.10 | B55: 45489 | C55: AR | D55: 12 | E55: 939.5 | F55: 2.01 | G55: 2.18 | H55: 27.264471 | I55: =(D55*H55)/1000
A56: N2ax C1 nano 5.10 | B56: 45489 | C56: AR | D56: 12 | E56: 704.8 | F56: 1.88 | G56: 1.96 | H56: 36.595936 | I56: =(D56*H56)/1000
A57: N2ax C2 nano 5.10 | B57: 45489 | C57: AR | D57: 12 | E57: 1196.7 | F57: 2.01 | G57: 2.1 | H57: 40 | I57: =(D57*H57)/1000

Sheet BMC ready
E1: pico | F1: pico
A2: BMC Sample ID | B2: Sample name | C2: rep | D2: total vol (ul) | E2: total ng/ul | F2: total ug
A3: 1 | B3: MED4ax | C3: A | D3: 44 | E3: 317.15 | F3: 4.5674
A4: 2 | B4: MED4ax | C4: B | D4: 56 | E4: 422.19 | F4: 5.75628
A5: 3 | B5: MED4ax | C5: C | D5: 58 | E5: 611.47 | F5: 8.74638
A6: 4 | B6: MED4ax + A1A | C6: A | D6: 36 | E6: 369.93 | F6: 4.43916
A7: 5 | B7: MED4ax + A1A | C7: B | D7: 32 | E7: 184.7 | F7: 2.9552
A8: 6 | B8: MED4ax + A1A | C8: C | D8: 64 | E8: 439.5 | F8: 7.032
A9: 7 | B9: MED4ax + 1907 | C9: A | D9: 30 | E9: 290.99 | F9: 4.30846
A10: 8 | B10: MED4ax + 1907 | C10: B | D10: 30 | E10: 310.72 | F10: 4.54808
A11: 9 | B11: MED4ax + 1907 | C11: C | D11: 30 | E11: 283.57 | F11: 4.11178
A12: 10 | B12: MED4ax + 1940 | C12: A | D12: 27 | E12: 306.02958 | F12: 4.1754145
A13: 11 | B13: MED4ax + 1940 | C13: B | D13: 14 | E13: 58.894464 | F13: 0.82452249
A14: 12 | B14: MED4ax + 1940 | C14: C | D14: 28 | E14: 190.86811 | F14: 2.6721536
... A23: 21 | B23: NATL2Aax | C23: C | D23: 24 | E23: 76.595936 | F23: 0.91915123
A24: 22 | B24: NATL2Aax + A1A | C24: A | D24: =SUM('Raw DNA'!D47:D48) | E24: =SUM('Raw DNA'!H47:H48) | F24: =SUM('Raw DNA'!I47:I48)
A25: 23 | B25: NATL2Aax + A1A | C25: B | D25: =SUM('Raw DNA'!D49:D50) | E25: =SUM('Raw DNA'!H49:H50) | F25: =SUM('Raw DNA'!I49:I50)
A26: 24 | B26: NATL2Aax + A1A | C26: C | D26: =SUM('Raw DNA'!D51:D52) | E26: =SUM('Raw DNA'!H51:H52) | F26: =SUM('Raw DNA'!I51:I52)
